Datetime,Water Level (m)
2025-04-01 12:00:00,-0.11176578
2025-04-01 13:00:00,-1.0159225
2025-04-01 14:00:00,-1.809112
2025-04-01 15:00:00,-2.3912075
2025-04-01 16:00:00,-2.33077
2025-04-01 17:00:00,-1.1225042
2025-04-01 18:00:00,0.0053374083
2025-04-01 19:00:00,0.9657663
2025-04-01 20:00:00,1.5242387
2025-04-01 21:00:00,1.6412877
2025-04-01 22:00:00,1.368646
2025-04-01 23:00:00,0.72121775
2025-04-02 00:00:00,-0.1400884
2025-04-02 01:00:00,-1.0680385
2025-04-02 02:00:00,-1.8554083
2025-04-02 03:00:00,-2.5031605
2025-04-02 04:00:00,-2.510315
2025-04-02 05:00:00,-1.2894393
2025-04-02 06:00:00,-0.12129887
2025-04-02 07:00:00,0.8991201
2025-04-02 08:00:00,1.6409843
2025-04-02 09:00:00,1.9352614
2025-04-02 10:00:00,1.8388287
2025-04-02 11:00:00,1.3390267
2025-04-02 12:00:00,0.5625291
2025-04-02 13:00:00,-0.3467982
2025-04-02 14:00:00,-1.2499132
2025-04-02 15:00:00,-1.9428173
2025-04-02 16:00:00,-2.3967445
2025-04-02 17:00:00,-2.0317907
2025-04-02 18:00:00,-0.81512374
2025-04-02 19:00:00,0.111412056
2025-04-02 20:00:00,0.87632287
2025-04-02 21:00:00,1.233268
2025-04-02 22:00:00,1.2753679
2025-04-02 23:00:00,0.970575
2025-04-03 00:00:00,0.35897157
2025-04-03 01:00:00,-0.4145736
2025-04-03 02:00:00,-1.2135341
2025-04-03 03:00:00,-1.8841474
2025-04-03 04:00:00,-2.3282125
2025-04-03 05:00:00,-2.0774314
2025-04-03 06:00:00,-0.9324303
2025-04-03 07:00:00,0.05424575
2025-04-03 08:00:00,0.95109016
2025-04-03 09:00:00,1.473332
2025-04-03 10:00:00,1.6750232
2025-04-03 11:00:00,1.5469934
2025-04-03 12:00:00,1.0603168
2025-04-03 13:00:00,0.37042576
2025-04-03 14:00:00,-0.41330814
2025-04-03 15:00:00,-1.172802
2025-04-03 16:00:00,-1.7712202
2025-04-03 17:00:00,-1.9363405
2025-04-03 18:00:00,-1.5933033
2025-04-03 19:00:00,-0.70471364
2025-04-03 20:00:00,0.04090444
2025-04-03 21:00:00,0.6556759
2025-04-03 22:00:00,0.9389033
2025-04-03 23:00:00,0.974424
2025-04-04 00:00:00,0.716322
2025-04-04 01:00:00,0.20017537
2025-04-04 02:00:00,-0.45298025
2025-04-04 03:00:00,-1.1054604
2025-04-04 04:00:00,-1.660307
2025-04-04 05:00:00,-1.8884503
2025-04-04 06:00:00,-1.5654527
2025-04-04 07:00:00,-0.7177878
2025-04-04 08:00:00,0.07973816
2025-04-04 09:00:00,0.7859288
2025-04-04 10:00:00,1.2170056
2025-04-04 11:00:00,1.4045858
2025-04-04 12:00:00,1.3152541
2025-04-04 13:00:00,0.9241401
2025-04-04 14:00:00,0.37907982
2025-04-04 15:00:00,-0.31848815
2025-04-04 16:00:00,-0.96987224
2025-04-04 17:00:00,-1.4638178
2025-04-04 18:00:00,-1.6346775
2025-04-04 19:00:00,-1.3760039
2025-04-04 20:00:00,-0.76230776
2025-04-04 21:00:00,-0.1758167
2025-04-04 22:00:00,0.29321608
2025-04-04 23:00:00,0.59901047
2025-04-05 00:00:00,0.6781428
2025-04-05 01:00:00,0.54379636
2025-04-05 02:00:00,0.22663783
2025-04-05 03:00:00,-0.23531668
2025-04-05 04:00:00,-0.7678925
2025-04-05 05:00:00,-1.1767579
2025-04-05 06:00:00,-1.3989321
2025-04-05 07:00:00,-1.2560459
2025-04-05 08:00:00,-0.7011451
2025-04-05 09:00:00,-0.08843595
2025-04-05 10:00:00,0.48298562
2025-04-05 11:00:00,0.91237414
2025-04-05 12:00:00,1.1374054
2025-04-05 13:00:00,1.1425374
2025-04-05 14:00:00,0.8999699
2025-04-05 15:00:00,0.47863305
2025-04-05 16:00:00,-0.07883444
2025-04-05 17:00:00,-0.6479306
2025-04-05 18:00:00,-1.0995357
2025-04-05 19:00:00,-1.3728267
2025-04-05 20:00:00,-1.3630242
2025-04-05 21:00:00,-1.0207831
2025-04-05 22:00:00,-0.51495934
2025-04-05 23:00:00,-0.06735635
2025-04-06 00:00:00,0.28739384
2025-04-06 01:00:00,0.5083058
2025-04-06 02:00:00,0.55701405
2025-04-06 03:00:00,0.43650222
2025-04-06 04:00:00,0.13504799
2025-04-06 05:00:00,-0.2996171
2025-04-06 06:00:00,-0.7248962
2025-04-06 07:00:00,-1.0217714
2025-04-06 08:00:00,-1.1113793
2025-04-06 09:00:00,-0.8924793
2025-04-06 10:00:00,-0.45331445
2025-04-06 11:00:00,0.058559105
2025-04-06 12:00:00,0.5358167
2025-04-06 13:00:00,0.8873804
2025-04-06 14:00:00,1.0699568
2025-04-06 15:00:00,1.0271021
2025-04-06 16:00:00,0.74938107
2025-04-06 17:00:00,0.27142134
2025-04-06 18:00:00,-0.3340556
2025-04-06 19:00:00,-0.8926958
2025-04-06 20:00:00,-1.3135202
2025-04-06 21:00:00,-1.516573
2025-04-06 22:00:00,-1.410396
2025-04-06 23:00:00,-0.9326844
2025-04-07 00:00:00,-0.3396218
2025-04-07 01:00:00,0.18099791
2025-04-07 02:00:00,0.54851645
2025-04-07 03:00:00,0.69942695
2025-04-07 04:00:00,0.6784042
2025-04-07 05:00:00,0.45904523
2025-04-07 06:00:00,0.06687122
2025-04-07 07:00:00,-0.43939996
2025-04-07 08:00:00,-0.86105853
2025-04-07 09:00:00,-1.1797022
2025-04-07 10:00:00,-1.2014204
2025-04-07 11:00:00,-0.85236734
2025-04-07 12:00:00,-0.2679307
